design,value_premium
Independent,0.00422187751098403
Dependent,0.004238648689799793
Published HML,0.002980059523809524
